<?xml version="1.0" encoding="UTF-8"?>
<beans xmlns="http://www.springframework.org/schema/beans"
	xmlns:xsi="http://www.w3.org/2001/XMLSchema-instance"
	xsi:schemaLocation="http://www.springframework.org/schema/beans
        https://www.springframework.org/schema/beans/spring-beans.xsd">

	<!-- Setter Configuration <bean id="a1" class="in.ineuron.comp.A"> <property 
		name="b" ref="b1"></property> </bean> <bean id="b1" class="in.ineuron.comp.B"> 
		<property name="a" ref="a1"></property> </bean> -->

	<!-- *****Container Started****** A .class file is loading... A::0 Param 
		Constructor B.class file is loading... B: Zero param constructor B.setA() 
		A.setB() Container Stopped -->



	<!--Constructor Configuration <bean id="a1" class="in.ineuron.comp.A"> <constructor-arg 
		name="b" ref="b1" /> </bean> <bean id="b1" class="in.ineuron.comp.B"> <constructor-arg 
		name="a" ref="a1"/> </bean> -->

	<!-- org.springframework.beans.factory.BeanCreationException -->


	<!-- one Constructor and one setter config -->
	<bean id="a1" class="in.ineuron.comp.A">
		<property name="b" ref="b1" />
	</bean>

	<bean id="b1" class="in.ineuron.comp.B">
		<constructor-arg name="a" ref="a1" />
	</bean>


	<!-- *****Container Started****** A .class file is loading... A::0 Param 
		Constructor B.class file is loading... B.B():: 1 Param Constructor... A.setB() 
		Container Stopped -->
		
		
</beans>