<?xml version="1.0" encoding="UTF-8"?>
<beans xmlns="http://www.springframework.org/schema/beans"
	xmlns:xsi="http://www.w3.org/2001/XMLSchema-instance"
	xmlns:context="http://www.springframework.org/schema/context"
	xsi:schemaLocation="http://www.springframework.org/schema/beans
        https://www.springframework.org/schema/beans/spring-beans.xsd
        http://www.springframework.org/schema/context
        https://www.springframework.org/schema/context/spring-context.xsd">
        
	<!-- Setter Injection to get DataSource Object -->
	<bean id ="mysqlDAO" class="org.springframework.jdbc.datasource.DriverManagerDataSource" scope="singleton">
		<property name="driverClassName" value="${jdbc.driverClassName}"/>
		<property name="url" value="${jdbc.url}"/>
		<property name="username" value="${jdbc.username}"/>
		<property name="password" value="${jdbc.password}"/>
	</bean>
	
	<!-- Constructor Injection inside DAO layer -->
	<bean id="customerDao" class="in.ineuron.dao.CustomerMySQLDAOImpl" scope="singleton">
			<constructor-arg name="dataSource" ref="mysqlDAO"/>
	</bean>
	
	<!-- Constructor Injection inside Service layer -->
	<bean id="customerService" class="in.ineuron.service.CustomerMgmtServiceImpl" scope="singleton">
		<constructor-arg name="dao" ref="customerDao"/>
	</bean>
	
	<!-- Constructor Injection inside Controller layer -->
	<bean id="customerController" class="in.ineuron.controller.MainController" scope="singleton">
		<constructor-arg name="service" ref="customerService"/>
	</bean>
	
	<context:property-placeholder location="in/ineuron/commons/application.properties"/>
	
</beans>