<?xml version="1.0" encoding="UTF-8"?>
<beans xmlns="http://www.springframework.org/schema/beans"
	xmlns:xsi="http://www.w3.org/2001/XMLSchema-instance"
	xsi:schemaLocation="http://www.springframework.org/schema/beans
        https://www.springframework.org/schema/beans/spring-beans.xsd">

	<!-- Configuring the dependent Component -->
	<bean id="dt1" class="java.util.Date" />
	
	
	<!-- Configuring the dependent Component -->
	<bean id="dt2" class="java.util.Date" >
		<property name="year" value="93"></property>
		<property name="month" value="0"></property>
		<property name="date" value="03"></property>
	</bean>
	
	<!-- Configuring the Target Component -->
	<bean id="wmg" class="in.ineuron.comp.WishMessageGenerator">
		<property name="date" ref="dt1"/>
		<constructor-arg name="date" ref="dt2"></constructor-arg>
	</bean>

</beans>