<?xml version="1.0" encoding="UTF-8"?>
<beans xmlns="http://www.springframework.org/schema/beans"
	xmlns:xsi="http://www.w3.org/2001/XMLSchema-instance"
	xmlns:context="http://www.springframework.org/schema/context"
	xsi:schemaLocation="http://www.springframework.org/schema/beans
        https://www.springframework.org/schema/beans/spring-beans.xsd
        http://www.springframework.org/schema/context
        https://www.springframework.org/schema/context/spring-context.xsd">

	<!-- Setter Injection to get DataSource Object -->

	<bean id="mysqlDAO"
		class="org.springframework.jdbc.datasource.DriverManagerDataSource"
		scope="singleton" abstract="true">
		<property name="driverClassName"
			value="${jdbc.driverClassName}" />
		<property name="username" value="${jdbc.username}" />
		<property name="password" value="${jdbc.password}" />
	</bean>


	<bean id="hikariDataSource"
		class="com.zaxxer.hikari.HikariDataSource" parent="mysqlDAO">
		<property name="jdbcUrl" value="${jdbc.url}" />
		<property name="minimumIdle" value='10' /> <!-- min pool size -->
		<property name="maximumPoolSize" value='20' />
		<property name="connectionTimeout" value='2000' />
	</bean>

	<context:property-placeholder
		location="in/ineuron/commons/application.properties" />

</beans>